Lesson ID,Question ID,Phrase Spanish,Phrase Portuguese
1,1,"El sol es amarillo","O sol é amarelo"
1,2,"Ella bebe agua","Ela bebe água"
1,3,"Nosotros comemos pan","Nós comemos pão"
1,4,"El agua es azul","A água é azul"
1,5,"Ella come pan","Ela come pão"
2,1,"Yo tengo un perro","Eu tenho um cachorro"
2,2,"Tú eres mi amigo","Você é meu amigo"
2,3,"Él corre rápido","Ele corre rápido"
2,4,"Nosotros leemos un libro","Nós lemos um livro"
2,5,"Ellas hablan español","Elas falam espanhol"
3,1,"Ella tiene un gato","Ela tem um gato"
3,2,"Nosotros vamos al parque","Nós vamos ao parque"
3,3,"El coche es rojo","O carro é vermelho"
3,4,"Ellos miran la televisión","Eles assistem televisão"
3,5,"Yo escribo una carta","Eu escrevo uma carta"
4,1,"La casa es grande","A casa é grande"
4,2,"El niño juega","O menino brinca"
4,3,"Ella canta bien","Ela canta bem"
4,4,"Nosotros estudiamos mucho","Nós estudamos muito"
4,5,"Tú bebes leche","Você bebe leite"
5,1,"El libro está en la mesa","O livro está na mesa"
5,2,"La flor es hermosa","A flor é linda"
5,3,"Yo necesito ayuda","Eu preciso de ajuda"
5,4,"Ellos trabajan duro","Eles trabalham duro"
5,5,"Ella duerme tarde","Ela dorme tarde"
6,1,"Mi hermano es alto","Meu irmão é alto"
6,2,"La cena está lista","O jantar está pronto"
6,3,"Nosotros queremos café","Nós queremos café"
6,4,"El perro ladra fuerte","O cachorro late alto"
6,5,"Ella compra frutas","Ela compra frutas"
7,1,"El tren es rápido","O trem é rápido"
7,2,"Yo estoy feliz","Eu estou feliz"
7,3,"Tú vives aquí","Você vive aqui"
7,4,"Ella abre la puerta","Ela abre a porta"
7,5,"Nosotros vemos una película","Nós vemos um filme"
8,1,"El gato está durmiendo","O gato está dormindo"
8,2,"Ellos viajan mañana","Eles viajam amanhã"
8,3,"Ella cocina pasta","Ela cozinha macarrão"
8,4,"Yo limpio mi cuarto","Eu limpo meu quarto"
8,5,"La música es suave","A música é suave"
9,1,"La escuela es grande","A escola é grande"
9,2,"Nosotros bebemos jugo","Nós bebemos suco"
9,3,"El pájaro vuela","O pássaro voa"
9,4,"Ella escucha la radio","Ela escuta o rádio"
9,5,"Yo tomo el autobús","Eu pego o ônibus"
10,1,"El examen es difícil","O exame é difícil"
10,2,"Ella tiene sueño","Ela está com sono"
10,3,"Nosotros vivimos lejos","Nós vivemos longe"
10,4,"Tú aprendes rápido","Você aprende rápido"
10,5,"Ellos comen pizza","Eles comem pizza"